﻿<?xml version="1.0" encoding="utf-8"?>
<abapGit version="v1.0.0" serializer="LCL_OBJECT_WDYA" serializer_version="v1.0.0">
 <asx:abap xmlns:asx="http://www.sap.com/abapxml" version="1.0">
  <asx:values>
   <APP>
    <APPLICATION_NAME>ZWDA_UI5_FILEUPLOADER</APPLICATION_NAME>
    <COMPONENT>ZWDA_UI5_FILEUPLOADER</COMPONENT>
    <STARTUP_VIEW>W_MAIN</STARTUP_VIEW>
    <STARTUP_PLUG>DEFAULT</STARTUP_PLUG>
    <DISPLAY_NAME>ZWDA_UI5_FILEUPLOADER</DISPLAY_NAME>
   </APP>
   <PROPERTIES>
    <WDY_APP_PROPERTY>
     <APPLICATION_NAME>ZWDA_UI5_FILEUPLOADER</APPLICATION_NAME>
     <NAME>WDPREFERREDRENDERING</NAME>
     <VALUE>STAND_ONLY</VALUE>
    </WDY_APP_PROPERTY>
    <WDY_APP_PROPERTY>
     <APPLICATION_NAME>ZWDA_UI5_FILEUPLOADER</APPLICATION_NAME>
     <NAME>WDUIGUIDELINE</NAME>
     <VALUE>FIORI</VALUE>
    </WDY_APP_PROPERTY>
   </PROPERTIES>
  </asx:values>
 </asx:abap>
</abapGit>
